case,seed,model,coverage,motor100Hz,native_torque_slew_RP_rms_per_s,native_torque_total_variation_RP,height_rmse_m,height_p95_abs_m,height_min_m,position_error_p95_m,motor_upper_saturation_fraction,motor_lower_saturation_fraction
hover_hold,480301,pid,,0.0008924107014569284,0.23450220649326803,3.8392376926258294,0.026468340918641368,0.04389078995000024,4.959002204,0.10538128230209935,0.0,0.0
hover_hold,480301,A,,0.0010017529239345852,0.2925286435807193,4.746328754488644,0.013085809311806714,0.02773012314999982,4.96953856,0.054626853448411096,0.0,0.0
hover_hold,480301,candidate,,0.0009939940802896532,0.2930463204122903,4.758890847923421,0.022402579164330638,0.04046947425000025,4.970997712,0.08245609314990648,0.0,0.0
hover_hold,480302,pid,,0.000908072071036514,0.2353281931705091,3.846820397292504,0.030984573328541695,0.05643151020000036,4.962895689,0.08512243156304715,0.0,0.0
hover_hold,480302,A,,0.000989970976177465,0.29119354534768005,4.736851231676212,0.026689659431725778,0.04928320850000007,4.947852866,0.09576936711775945,0.0,0.0
hover_hold,480302,candidate,,0.0009830742262708595,0.29203534847570695,4.752687516772994,0.019732579134118647,0.03982489669999971,4.956841846,0.10920713803736104,0.0,0.0
hover_transition,480301,pid,,0.0008938475243541376,0.2407803747787778,3.836486458071249,0.0242762246474398,0.05016286119999965,4.968259229,0.15529736057894264,0.0,0.0
hover_transition,480301,A,,0.0010287651944021281,0.312238913198369,4.787954302685385,0.033967555357184216,0.04926223264999976,4.957055945,0.09620897220487751,0.0,0.0
hover_transition,480301,candidate,,0.000995143538607422,0.3156539163218127,4.856581493515989,0.03309457037381189,0.047201434849999654,4.978999781,0.06552285897677851,0.0,0.0
hover_transition,480302,pid,,0.000943705278887314,0.2504905981728408,3.932091959157731,0.01692800222597166,0.030632272350000413,4.967141275,0.06196553765250532,0.0,0.0
hover_transition,480302,A,,0.0009932756688410466,0.30738559105728674,4.766806661532218,0.017181254037931897,0.02779573054999966,4.969121408,0.0740620048587079,0.0,0.0
hover_transition,480302,candidate,,0.0010201442570188693,0.3223387480093174,4.849124293627611,0.011458689051549741,0.024428872200000024,5.001823652,0.05757345629625191,0.0,0.0
waypoints,480301,pid,,0.0012368171499181004,0.6412936408358707,7.355000552182901,0.30913588771553446,0.7525945983832619,4.315879153,5.639757108917973,0.0,0.0
waypoints,480301,A,,0.0013213023362740309,1.0604505117710554,11.099910558084318,0.3103024284871506,0.7396764448832616,4.348060198,5.653153384049438,0.0,0.0
waypoints,480301,candidate,,0.001270295123423087,1.0573427965803297,11.080520056682502,0.3178499178046375,0.7820534432332623,4.35912512,5.699625936068542,0.0,0.0
waypoints,480302,pid,,0.0012273341187965174,0.6331051139089545,7.17645851180896,0.26801421249874524,0.6254877119185692,4.151775829,7.814424308309078,0.0,0.0
waypoints,480302,A,,0.0012968763470214647,1.0408491812862115,10.760981040888765,0.2912479834734885,0.6318756248185703,4.094502173,7.840592935513766,0.0,0.0
waypoints,480302,candidate,,0.0013184286904796112,1.0440434416563749,10.771613456107389,0.2579217100161126,0.6357526600685692,4.143649256,7.8070730263730646,0.0,0.0
combined_native_waypoints,480301,pid,,0.0012327940458059117,0.6437018520783935,7.3887393179270475,0.3130748834977042,0.7661355626832618,4.363301653,5.680017973166505,0.0,0.0
combined_native_waypoints,480301,A,,0.0013277680393114731,1.0577616447959368,11.066533601313736,0.31434821178071476,0.7726550872832617,4.300044137,5.716990526385408,0.0,0.0
combined_native_waypoints,480301,candidate,,0.0013514756171154338,1.058553947986427,11.088855267813017,0.3263572975773593,0.8055265306332616,4.360590608,5.634270540007363,0.0,0.0
combined_native_waypoints,480302,pid,,0.0012764734618810874,0.6348905422946332,7.157062664630757,0.27582865347009683,0.6293543522185695,4.076770898,7.871032076904017,0.0,0.0
combined_native_waypoints,480302,A,,0.0013569355441248308,1.0480725043597439,10.807965768111103,0.2985056054552665,0.6411202604185701,4.077138068,7.822357808369651,0.0,0.0
combined_native_waypoints,480302,candidate,,0.0014165636943590319,1.0505324221169214,10.801927761216689,0.2747840273084594,0.63343872481857,4.133913811,7.862890736919308,0.0,0.0
noise200_hover_hold,480301,pid,,0.0018089600275869885,0.4731536979252694,7.74650039976359,0.025433580544516842,0.048007085000000276,4.949476517,0.16109096107065468,0.0,0.0
noise200_hover_hold,480301,A,,0.0019300841978217664,0.561333725220733,9.11711469925396,0.021728339794075097,0.03356963594999976,4.9793905,0.1426684507900563,0.0,0.0
noise200_hover_hold,480301,candidate,,0.0019527859995976777,0.5588025332645905,9.093301849968864,0.017599102996957765,0.03142487849999993,4.966418487,0.1267238498021599,0.0,0.0
noise200_hover_hold,480302,pid,,0.0017718899968389775,0.47509063625176484,7.75566648810036,0.018910164019827275,0.03460340564999975,4.999636623,0.15802407232420468,0.0,0.0
noise200_hover_hold,480302,A,,0.001903215609643943,0.5618857084608114,9.116008840390553,0.015049556112894854,0.028266482500000165,4.971092403,0.16022738677750528,0.0,0.0
noise200_hover_hold,480302,candidate,,0.0019244805885226478,0.5638902493489079,9.173933620269132,0.0175402328366457,0.03303260399999987,4.964691856,0.12822685536325465,0.0,0.0
low_x_050_goal100,480301,pid,0.888,0.000904480013793491,0.24176934607222772,3.8747152981422914,0.020379510133702608,0.04054049070000011,4.957069553,0.8375486209100463,0.0,0.0
low_x_050_goal100,480301,A,0.8653333333333333,0.0009924135751027245,0.31273999382691997,4.671700875848188,0.012270274928773047,0.018948023200000018,4.979599263,0.8192331543765123,0.0,0.0
low_x_050_goal100,480301,candidate,0.844,0.0009974424552429582,0.30627165299275716,4.664892373521184,0.01160401645452122,0.021943596549999844,4.979010054,0.9005260019073452,0.0,0.0
low_x_050_goal100,480302,pid,0.8893333333333333,0.0009299117790741048,0.2513835637333958,3.9165361009670505,0.029654299725930786,0.048544647149999995,4.949112935,0.8672637777479464,0.0,0.0
low_x_050_goal100,480302,A,0.8473333333333334,0.001024167361131058,0.3021361050742026,4.5987025365781165,0.02701950919584121,0.05329673364999959,4.976950199,0.8178994952754192,0.0,0.0
low_x_050_goal100,480302,candidate,0.8666666666666667,0.000989539929308306,0.30148057181280674,4.606628658230546,0.014358816055606793,0.02763991580000024,4.995302364,0.8567953465837584,0.0,0.0
low_y_025_goal100,480301,pid,0.836,0.0009199977010833545,0.24944430058229636,3.921943373902195,0.02480803748334472,0.036975147749999854,4.961933563,0.4692884891906421,0.0,0.0
low_y_025_goal100,480301,A,0.802,0.000999741371878493,0.3071146872391122,4.710666066087121,0.038974956073818914,0.07068672849999981,4.975997878,0.4496196148257131,0.0,0.0
low_y_025_goal100,480301,candidate,0.8546666666666667,0.0010102301790281241,0.31580350821367353,4.719936724168913,0.011478890335446476,0.02604294009999982,4.992542175,0.4972251034860912,0.0,0.0
low_y_025_goal100,480302,pid,0.796,0.0009347969769246141,0.23834570144459125,3.873767172215139,0.01865485811977966,0.03271833745000009,4.983184102,0.41291006197789143,0.0,0.0
low_y_025_goal100,480302,A,0.8806666666666667,0.0009948561740279788,0.3209833653285626,4.784167884306683,0.041539699424734164,0.07149577504999981,4.989378527,0.41575454176241544,0.0,0.0
low_y_025_goal100,480302,candidate,0.8466666666666667,0.000992557257392444,0.31661260096459737,4.758626210905497,0.016788301069269897,0.036583543350000046,4.974686293,0.40199294752275083,0.0,0.0
lateral_plus_goal100,480301,pid,0.8586666666666667,0.000898157993045768,0.24884776633165204,3.9484912443640496,0.017764715657587176,0.03061970081879939,4.979812993,0.4545941464845518,0.0,0.0
lateral_plus_goal100,480301,A,0.8793333333333333,0.0009612345182332739,0.30687409815474,4.674313368060858,0.03363756481408866,0.06765794256240237,4.984669746,0.4170877664700804,0.0,0.0
lateral_plus_goal100,480301,candidate,0.8373333333333334,0.000978332710710068,0.3116706129569006,4.742179609347026,0.0374616831669063,0.05466545333320356,4.966945188,0.4549005015471251,0.0,0.0
lateral_plus_goal100,480302,pid,0.8493333333333334,0.0009257449926721931,0.24653945017125323,3.8966622487560016,0.046875641004693235,0.08148687676162125,4.956592233,0.4274347531444167,0.0,0.0
lateral_plus_goal100,480302,A,0.8733333333333333,0.0009761774763642522,0.3099789962101735,4.707356033548862,0.02826871163073757,0.04162348349282192,4.96163801,0.41982684460596015,0.0,0.0
lateral_plus_goal100,480302,candidate,0.8586666666666667,0.0009536193568780624,0.3087782006990648,4.686574194229564,0.021823994913572377,0.04725004249414022,4.958530978,0.4288576004192023,0.0,0.0
lateral_minus_goal100,480301,pid,0.8573333333333333,0.0009116641282795388,0.24725509397219064,3.908888453999225,0.03489839704418518,0.05615982192221666,4.959930843,0.47983624487286536,0.0,0.0
lateral_minus_goal100,480301,A,0.8553333333333333,0.0009681312681398783,0.3090994305592661,4.670807903688497,0.016551229531637544,0.031524065433935655,4.988240008,0.44376950935466375,0.0,0.0
lateral_minus_goal100,480301,candidate,0.894,0.0009865226012241634,0.31235789887829646,4.754013136164815,0.019256426902435262,0.04552652495126987,4.991727109,0.4391198133656034,0.0,0.0
lateral_minus_goal100,480302,pid,0.84,0.0008971522170177207,0.24721538765621923,3.909853279035815,0.039462089238868577,0.07356447489858414,4.986367092,0.41854739944982383,0.0,0.0
lateral_minus_goal100,480302,A,0.818,0.0009865226012241626,0.3094269890570014,4.7096929722267245,0.017279801635883763,0.030040608927343414,4.987572614,0.4287033978946352,0.0,0.0
lateral_minus_goal100,480302,candidate,0.8966666666666666,0.0009612345182332724,0.3089913316996338,4.696245825609495,0.018902554355578402,0.03618214282309595,4.973717286,0.39596771143577736,0.0,0.0
