case,seed,model,reference,phase,roll,pitch,yaw,RP
hover_hold,480301,pid,original100Hz,first3,0.06920862873583603,0.057350362936204616,0.020045750954302527,0.0635566614148713
hover_hold,480301,pid,original100Hz,full,0.07387414994388551,0.0475623232951382,0.059870945548354176,0.062127146349896537
hover_hold,480301,pid,original100Hz,cruise,0.07784160053011499,0.045274762624266926,0.06656100064101055,0.06367542266751637
hover_hold,480301,pid,original100Hz,tail,0.042399868403750825,0.054362931512337315,0.06069372387092601,0.04874975468282105
hover_hold,480301,pid,original100Hz,after3,0.07464555641558628,0.045672037124359036,0.06427098686751831,0.0618784860338442
hover_hold,480301,pid,native_consumed,first3,0.06843004508165586,0.054931675058374874,0.01981215841176017,0.06204901286320491
hover_hold,480301,pid,native_consumed,full,0.07290509612026984,0.04694306154762378,0.05969337536249214,0.06131396279710592
hover_hold,480301,pid,native_consumed,cruise,0.07668735004870174,0.044902817619750186,0.0663675094824309,0.06283793713866115
hover_hold,480301,pid,native_consumed,tail,0.04037977903707584,0.05591867028999543,0.06066591749022693,0.04877204241204323
hover_hold,480301,pid,native_consumed,after3,0.07364579130924355,0.04543100627477653,0.06408964685147156,0.061186922249380375
hover_hold,480301,A,original100Hz,first3,0.04972913361121041,0.040473731422823074,0.016037497407873927,0.045338227055148686
hover_hold,480301,A,original100Hz,full,0.040359391770906874,0.037770608383060976,0.056812237572963074,0.03908643858005038
hover_hold,480301,A,original100Hz,cruise,0.03680688002826839,0.03770414886495624,0.06300098408363862,0.03725821559767807
hover_hold,480301,A,original100Hz,tail,0.03056196845831153,0.037252215639333924,0.060597119562137945,0.03407170003159707
hover_hold,480301,A,original100Hz,after3,0.038522863530602136,0.037286988760115665,0.06113451862958187,0.03790996271031131
hover_hold,480301,A,native_consumed,first3,0.04991022471187406,0.039550155279817874,0.01584396076676635,0.04502913120107621
hover_hold,480301,A,native_consumed,full,0.039562272428077146,0.03750023025457063,0.056738673674784246,0.038545042929144645
hover_hold,480301,A,native_consumed,cruise,0.03574027241607297,0.03752449472641996,0.06293253803545659,0.03664324478569158
hover_hold,480301,A,native_consumed,tail,0.030045976753372474,0.038198038816137904,0.06052482885263835,0.03436459579613426
hover_hold,480301,A,native_consumed,after3,0.03750031245708255,0.03713703774291685,0.06106309409676396,0.03731911712981466
hover_hold,480301,candidate,original100Hz,first3,0.04492185416714999,0.034020097764212616,0.028790891766014785,0.039845577130349585
hover_hold,480301,candidate,original100Hz,full,0.038207145867584065,0.03882755564057836,0.04909107973659839,0.038518599873107115
hover_hold,480301,candidate,original100Hz,cruise,0.038061339997855825,0.039700504076725984,0.05169323974081415,0.03888955917967261
hover_hold,480301,candidate,original100Hz,tail,0.023267105712026732,0.03418242335480815,0.058635283467619724,0.029238641167314536
hover_hold,480301,candidate,original100Hz,after3,0.0369321988711581,0.03959399090343187,0.051781038857545335,0.0382862340085821
hover_hold,480301,candidate,native_consumed,first3,0.04454083142927852,0.0336556088191842,0.028843335686338227,0.039475217981673985
hover_hold,480301,candidate,native_consumed,full,0.038127743690346286,0.038470850199470816,0.049019319660431424,0.03829968116046702
hover_hold,480301,candidate,native_consumed,cruise,0.03800319237752991,0.03926909222374015,0.051621741222586864,0.03864132654917631
hover_hold,480301,candidate,native_consumed,tail,0.023145761939746577,0.034990574243313116,0.058482392410788245,0.0296653550598019
hover_hold,480301,candidate,native_consumed,after3,0.036915256180731736,0.03923789827696845,0.051696310509567966,0.03809428303619046
hover_hold,480302,pid,original100Hz,first3,0.05894872932864012,0.0504426331319421,0.07112568234468605,0.054860787119512686
hover_hold,480302,pid,original100Hz,full,0.053623362834608945,0.05426621816228604,0.04267549429548892,0.05394574809625381
hover_hold,480302,pid,original100Hz,cruise,0.05152316128212615,0.050563871859429746,0.03248428877717058,0.051045770079022286
hover_hold,480302,pid,original100Hz,tail,0.05913294567053271,0.09474672291337352,0.03137927003768961,0.07897356129268121
hover_hold,480302,pid,original100Hz,after3,0.05265527652212928,0.054895670618825325,0.035574351788744206,0.05378713971904651
hover_hold,480302,pid,native_consumed,first3,0.06000445489054703,0.04958329334812547,0.07113646823520244,0.05504106460615545
hover_hold,480302,pid,native_consumed,full,0.0534649125343813,0.054102065993816194,0.04257716603663462,0.05378443277151989
hover_hold,480302,pid,native_consumed,cruise,0.05117483808796254,0.05041528481563501,0.03232959113061557,0.05079648115947984
hover_hold,480302,pid,native_consumed,tail,0.05837728966334612,0.0952399670878563,0.031065133206434038,0.07898911089300274
hover_hold,480302,pid,native_consumed,after3,0.05226035647023032,0.05484017659611639,0.035432326033362084,0.053565799851625365
hover_hold,480302,A,original100Hz,first3,0.0525626969520688,0.046709791647458754,0.07878378542745403,0.049722438328304204
hover_hold,480302,A,original100Hz,full,0.04049763330853256,0.050611012493213495,0.04607825258479451,0.045834118782739665
hover_hold,480302,A,original100Hz,cruise,0.039479894295240486,0.047606307106385144,0.03722339524948541,0.04373226800584906
hover_hold,480302,A,original100Hz,tail,0.027530064663712977,0.08603864741791607,0.011859245615149908,0.0638770432545711
hover_hold,480302,A,original100Hz,after3,0.03804420733769421,0.05125071055242183,0.03771398994741407,0.04513312001225701
hover_hold,480302,A,native_consumed,first3,0.052558009623891795,0.04332992115108383,0.07879101748738931,0.0481654774843157
hover_hold,480302,A,native_consumed,full,0.0403427562616314,0.05045392402867421,0.046016476484439406,0.04567896908138705
hover_hold,480302,A,native_consumed,cruise,0.039326165351131884,0.04707749153492536,0.037104898025984615,0.043375324151212605
hover_hold,480302,A,native_consumed,tail,0.027378425121837274,0.0906304415988285,0.01164623200426798,0.06694570601073199
hover_hold,480302,A,native_consumed,after3,0.03785204301244064,0.05157774455133864,0.03762291570560951,0.04523848413253256
hover_hold,480302,candidate,original100Hz,first3,0.03682512243013434,0.03937678514498372,0.0751441587321109,0.038122308759757674
hover_hold,480302,candidate,original100Hz,full,0.038137788601739386,0.04662667023352229,0.04153448947962161,0.04259423257024709
hover_hold,480302,candidate,original100Hz,cruise,0.039513006233205764,0.043651099432711164,0.027818237262228023,0.041633496990222875
hover_hold,480302,candidate,original100Hz,tail,0.024303473409194077,0.07921423466370325,0.024648889571019104,0.05858990439106233
hover_hold,480302,candidate,original100Hz,after3,0.03835855850425296,0.0477604123678252,0.03243581691208545,0.043315332158884036
hover_hold,480302,candidate,native_consumed,first3,0.03603071201027503,0.04043406308273388,0.07507130130032343,0.038295728647891526
hover_hold,480302,candidate,native_consumed,full,0.03761458582979902,0.047244451742982696,0.041441430018675944,0.04270184590648476
hover_hold,480302,candidate,native_consumed,cruise,0.039036853126865195,0.04399168303029896,0.027649512118157322,0.04158812377281968
hover_hold,480302,candidate,native_consumed,tail,0.025076936197767692,0.08298897447951713,0.024648271812601798,0.061302620719790014
hover_hold,480302,candidate,native_consumed,after3,0.037879759869075734,0.04831686648741426,0.03232512343916166,0.04341310743831554
hover_transition,480301,pid,original100Hz,first3,0.5148004309473471,0.07215142106744579,0.019251212898579825,0.3675767343464668
hover_transition,480301,pid,original100Hz,full,0.20506626957458238,0.048590335385725554,0.06009693228232885,0.14901878339681307
hover_transition,480301,pid,original100Hz,cruise,0.062393874385865265,0.04334270091694319,0.06673356947046356,0.05371957410318292
hover_transition,480301,pid,original100Hz,tail,0.05769120551696452,0.04954521534456204,0.06271745301815773,0.05377268617774113
hover_transition,480301,pid,original100Hz,after3,0.06152620843684573,0.043275645895937624,0.06455913933735713,0.05318954715131898
hover_transition,480301,pid,native_consumed,first3,0.5362806829672557,0.07361180575922713,0.019426128669509945,0.3827634183611075
hover_transition,480301,pid,native_consumed,full,0.2129094679929366,0.04890912904309462,0.06001637937298039,0.1544709430035134
hover_transition,480301,pid,native_consumed,cruise,0.06189625042565596,0.04339843398733872,0.06662302557793615,0.053453577472929316
hover_transition,480301,pid,native_consumed,tail,0.05903175371780514,0.049066303366508295,0.06273981739224642,0.05427821880392642
hover_transition,480301,pid,native_consumed,after3,0.06124963475281009,0.04327429254378192,0.06446227854815531,0.05302915307883702
hover_transition,480301,A,original100Hz,first3,0.4271353824543898,0.3331338936975453,0.13576750968923118,0.38302925872219296
hover_transition,480301,A,original100Hz,full,0.16709180176208405,0.13236127783437407,0.07194469870627733,0.1507301862369445
hover_transition,480301,A,original100Hz,cruise,0.037676288708203484,0.036427925681614765,0.054870792556034956,0.03705736431729292
hover_transition,480301,A,original100Hz,tail,0.030160740206147896,0.05647738228184204,0.05383807324696921,0.04527341912862376
hover_transition,480301,A,original100Hz,after3,0.03740811870570199,0.03846671403252389,0.05385953127046437,0.03794110853388354
hover_transition,480301,A,native_consumed,first3,0.4131683742571341,0.31615635116999347,0.13100887329436078,0.3678742610399696
hover_transition,480301,A,native_consumed,full,0.16184016770683812,0.12609584408676372,0.0705762180271205,0.14507308809584724
hover_transition,480301,A,native_consumed,cruise,0.037606960369200367,0.036322550872457275,0.05477743323599189,0.03697033385089221
hover_transition,480301,A,native_consumed,tail,0.029553165233437276,0.05635405183751576,0.05371575740988254,0.04499538161756303
hover_transition,480301,A,native_consumed,after3,0.03727929434376346,0.038396641605733806,0.053760719541558775,0.03784209212879305
hover_transition,480301,candidate,original100Hz,first3,0.13722030518146033,0.4909955945486184,0.052629645819137934,0.36049000403634246
hover_transition,480301,candidate,original100Hz,full,0.06229892890647114,0.1916379194610699,0.05213933124391436,0.14248903241699176
hover_transition,480301,candidate,original100Hz,cruise,0.03361028905768507,0.04007841739038074,0.052406154443670534,0.036986018108595566
hover_transition,480301,candidate,original100Hz,tail,0.0350362535061813,0.04715321355649901,0.06254773915210718,0.041538925169376996
hover_transition,480301,candidate,original100Hz,after3,0.036272116693656604,0.04066092006652506,0.05205471681605524,0.03852905961799861
hover_transition,480301,candidate,native_consumed,first3,0.13556440728981167,0.4826017828128651,0.052226907546270955,0.3544588758220012
hover_transition,480301,candidate,native_consumed,full,0.06167845632647441,0.18844326261845293,0.052010643274017596,0.1402053765037276
hover_transition,480301,candidate,native_consumed,cruise,0.033520014324862846,0.03988870800894908,0.05233018670055411,0.036842233828598185
hover_transition,480301,candidate,native_consumed,tail,0.03479578579730872,0.04650738302005373,0.06234918141611167,0.04107117836528539
hover_transition,480301,candidate,native_consumed,after3,0.036097967127050684,0.04041336508309511,0.05197343650567181,0.038316467139111104
hover_transition,480302,pid,original100Hz,first3,0.40854985957449874,0.8280598568823276,0.1314033023901285,0.6529150459050257
hover_transition,480302,pid,original100Hz,full,0.16359920573834108,0.3205949474333061,0.05868166763965779,0.25450522630977573
hover_transition,480302,pid,original100Hz,cruise,0.05351024289768112,0.05050102265961447,0.03047034360168109,0.052027393672159514
hover_transition,480302,pid,original100Hz,tail,0.04343337090266126,0.07752848474912255,0.02573116573800046,0.06283758292400762
hover_transition,480302,pid,original100Hz,after3,0.05207485324186989,0.05235198400574809,0.03272796916381942,0.05221360248776362
hover_transition,480302,pid,native_consumed,first3,0.3917997536797524,0.7626379778820953,0.12456732823002295,0.6062688068388502
hover_transition,480302,pid,native_consumed,full,0.1571664565899893,0.29578796666129725,0.056433542142301236,0.23684574758550941
hover_transition,480302,pid,native_consumed,cruise,0.052360101039160625,0.05027884184436207,0.030427022432284324,0.051330021030784136
hover_transition,480302,pid,native_consumed,tail,0.04256153416952405,0.07509014168028089,0.025503862683122058,0.06103283365709075
hover_transition,480302,pid,native_consumed,after3,0.05094158173689791,0.05182913901195745,0.032683659232838,0.051387276638180886
hover_transition,480302,A,original100Hz,first3,0.37330495392745516,0.27870529478826434,0.08385363843846935,0.32941860145549823
hover_transition,480302,A,original100Hz,full,0.14680521283933856,0.11661739275879118,0.04793983347204997,0.13257335103757026
hover_transition,480302,A,original100Hz,cruise,0.037538744974518444,0.044140740772664507,0.03458614513415447,0.040972932346986714
hover_transition,480302,A,original100Hz,tail,0.0321313774261565,0.09872136604715967,0.0180540342529437,0.0734109444480842
hover_transition,480302,A,original100Hz,after3,0.03651783544665857,0.051013872608001457,0.038547278388915945,0.044361962897141026
hover_transition,480302,A,native_consumed,first3,0.36812573086269734,0.2739065439267928,0.08365011204770738,0.32445442555859455
hover_transition,480302,A,native_consumed,full,0.14488139831916813,0.1148228262464945,0.047857629019762246,0.1307189752984434
hover_transition,480302,A,native_consumed,cruise,0.037587352850642554,0.04418806635106075,0.03451236134057244,0.04102069174309749
hover_transition,480302,A,native_consumed,tail,0.03169937616959235,0.09700741480055357,0.018114207537095157,0.0721640110298339
hover_transition,480302,A,native_consumed,after3,0.03653955241297146,0.05070425038938522,0.038503468480029085,0.0441930984322765
hover_transition,480302,candidate,original100Hz,first3,0.37146419018822213,0.6101504349447827,0.08743284150530138,0.5051085021336996
hover_transition,480302,candidate,original100Hz,full,0.1459157475103052,0.23782592174864817,0.04532102004153404,0.19729745871030024
hover_transition,480302,candidate,original100Hz,cruise,0.036182160926518464,0.043471784508572746,0.029052563404109787,0.0399934045667049
hover_transition,480302,candidate,original100Hz,tail,0.0321390415555399,0.08582552456926018,0.02551577665011511,0.06480331264564106
hover_transition,480302,candidate,original100Hz,after3,0.035549823411621245,0.048738128560212264,0.033083616900924186,0.04265674108595986
hover_transition,480302,candidate,native_consumed,first3,0.3459075304417522,0.5387589311830969,0.08624101111838778,0.4527213301501624
hover_transition,480302,candidate,native_consumed,full,0.13625481661945488,0.21096484566887796,0.04494881411378296,0.17758313709372123
hover_transition,480302,candidate,native_consumed,cruise,0.03555519066753135,0.04287954790040867,0.029002587058390972,0.03938798808994914
hover_transition,480302,candidate,native_consumed,tail,0.031139860005963332,0.08501421715909765,0.025174875493074338,0.06401995001702675
hover_transition,480302,candidate,native_consumed,after3,0.03487704966873761,0.0482548559970271,0.03302551873377254,0.04210071092564478
waypoints,480301,pid,original100Hz,first3,2.8007882590538693,1.6232716323834555,0.6748296524027828,2.289041902691479
waypoints,480301,pid,original100Hz,full,2.0811971276999723,1.2481665525785566,0.5775791307972339,1.7159984305532527
waypoints,480301,pid,original100Hz,cruise,2.0395999268175764,1.2509826659938006,0.5568889927824351,1.6918814219813427
waypoints,480301,pid,original100Hz,tail,1.3489192269510233,0.4635632498084035,0.7205066710069467,1.0085816693285365
waypoints,480301,pid,original100Hz,after3,1.9309215763602583,1.1717782638765382,0.5591906715257893,1.5971102707307185
waypoints,480301,pid,native_consumed,first3,2.837789833712744,1.6440817844044027,0.7883036734918206,2.319057573038428
waypoints,480301,pid,native_consumed,full,2.070898905848803,1.2716329854100514,0.7073471362986481,1.7183819028127378
waypoints,480301,pid,native_consumed,cruise,2.0155768902196503,1.2759458591318789,0.7264747437654562,1.686799934168736
waypoints,480301,pid,native_consumed,tail,1.3375732628409098,0.5021822598179433,0.529212911700254,1.0102695817312164
waypoints,480301,pid,native_consumed,after3,1.908547419262463,1.196107781634893,0.6925021196287323,1.5926749632082737
waypoints,480301,A,original100Hz,first3,1.8272584993215064,1.1905881210648244,1.0145441925300658,1.5421371043722658
waypoints,480301,A,original100Hz,full,1.353998280893982,0.9340820771413052,0.9958589317604895,1.16314673870077
waypoints,480301,A,original100Hz,cruise,1.3326912600308907,0.9057081864478866,1.0677896236957514,1.1393799439961727
waypoints,480301,A,original100Hz,tail,0.7387134897355525,0.9017521752655323,0.2063420351562743,0.8242738032697017
waypoints,480301,A,original100Hz,after3,1.254958026883143,0.8825958564036848,0.9926167163673969,1.0848721341659084
waypoints,480301,A,native_consumed,first3,1.6705073648220197,1.0251667349423632,0.8042722520691906,1.3859223806470897
waypoints,480301,A,native_consumed,full,1.2796667724919844,0.8174824056509108,0.7451633370212705,1.0737375219691385
waypoints,480301,A,native_consumed,cruise,1.2729541549481487,0.7976497572857222,0.7835086244882569,1.0622281807356004
waypoints,480301,A,native_consumed,tail,0.7308460165026919,0.7800669639700485,0.35021573633008857,0.7558572511113795
waypoints,480301,A,native_consumed,after3,1.1998564699623762,0.7762722030114966,0.7345407211636259,1.0105083081496402
waypoints,480301,candidate,original100Hz,first3,1.7950226936144498,1.171149237174718,0.9788130945093109,1.5155357149083948
waypoints,480301,candidate,original100Hz,full,1.3291888710446607,0.9197200963304458,0.9265473530218943,1.14294096752699
waypoints,480301,candidate,original100Hz,cruise,1.3198057157562497,0.9325160406721242,0.9844949852350386,1.1426883419055438
waypoints,480301,candidate,original100Hz,tail,0.44630981777619994,0.1775066280776781,0.27242609541080526,0.33963293160037644
waypoints,480301,candidate,original100Hz,after3,1.2316520308051528,0.869287641082245,0.9172778952462443,1.0659802361968984
waypoints,480301,candidate,native_consumed,first3,1.6694597707806058,1.0400571436432564,0.8185209428135602,1.3908297502387204
waypoints,480301,candidate,native_consumed,full,1.2721104348253838,0.8311707192851372,0.7394737987110345,1.07450214587701
waypoints,480301,candidate,native_consumed,cruise,1.2764144529792905,0.8466387372430193,0.771450378488932,1.083058402666928
waypoints,480301,candidate,native_consumed,tail,0.41838580913472057,0.18384647374379984,0.3824980868246807,0.32314564146321434
waypoints,480301,candidate,native_consumed,after3,1.1906572461736857,0.7897854831717448,0.7250414135429728,1.0103033671365078
waypoints,480302,pid,original100Hz,first3,2.608235830531836,1.1635599720620724,0.7398239770755303,2.0195006754461837
waypoints,480302,pid,original100Hz,full,2.046162463934483,1.1552866268757438,0.6115190429584191,1.6615456688054604
waypoints,480302,pid,original100Hz,cruise,1.9509747861312696,1.179134033583853,0.5998961475861144,1.6119335726505108
waypoints,480302,pid,original100Hz,tail,2.332271495800172,1.2722833750994493,0.5899734803010167,1.8785892734544742
waypoints,480302,pid,original100Hz,after3,1.9333367861761692,1.1538607522581286,0.5866843822844616,1.5920404775607455
waypoints,480302,pid,native_consumed,first3,2.7113386193125515,1.2210485551613417,0.8811664454668834,2.102655069505849
waypoints,480302,pid,native_consumed,full,2.049320095262062,1.175251782436928,0.740645075646475,1.6704684380385766
waypoints,480302,pid,native_consumed,cruise,1.919890196229856,1.1825893630414681,0.740101669934589,1.5944428442497305
waypoints,480302,pid,native_consumed,tail,2.393879418842578,1.3785135024305144,0.6293008699413363,1.9533251327340928
waypoints,480302,pid,native_consumed,after3,1.91280234445569,1.1672112798018268,0.7137520557551469,1.584486506829863
waypoints,480302,A,original100Hz,first3,1.5403073735817054,0.8029189584926293,0.9564466995172678,1.2282560113870928
waypoints,480302,A,original100Hz,full,1.3219894522876188,0.802815744096878,0.7996944764707093,1.093656534504673
waypoints,480302,A,original100Hz,cruise,1.2369209360619828,0.808254706031267,0.7911612419428108,1.0448083728344977
waypoints,480302,A,original100Hz,tail,1.938377292252812,0.9901824138906568,0.7677466455938377,1.539117886956628
waypoints,480302,A,original100Hz,after3,1.2807846913092964,0.8027980286215562,0.7695885721250079,1.068853147128011
waypoints,480302,A,native_consumed,first3,1.4484733348872827,0.7409499088806605,0.8836146991452296,1.1504524695418201
waypoints,480302,A,native_consumed,full,1.288218277764916,0.7693172357780182,0.7382130452882308,1.0609795804898268
waypoints,480302,A,native_consumed,cruise,1.2239579077426452,0.7835158150006389,0.7280101584757303,1.0276113059620036
waypoints,480302,A,native_consumed,tail,1.8485887669410133,0.9198130129589239,0.7301135721019679,1.4600233573592356
waypoints,480302,A,native_consumed,after3,1.2586648118166268,0.7740812597902949,0.7102721814944792,1.0448537948593368
waypoints,480302,candidate,original100Hz,first3,1.4395428468972336,0.7362453196154722,0.7966189435876715,1.1433155248461995
waypoints,480302,candidate,original100Hz,full,1.2922224989027546,0.7647460590474274,0.622733102125777,1.0617616308520126
waypoints,480302,candidate,original100Hz,cruise,1.2545464041448942,0.7844528691910783,0.6018128054691111,1.0462439926076037
waypoints,480302,candidate,original100Hz,tail,1.6829865297762145,0.8647128330116922,0.5888287829561043,1.337940944695111
waypoints,480302,candidate,original100Hz,after3,1.2652152163333494,0.7695313710097088,0.5877402830957156,1.0471265622190868
waypoints,480302,candidate,native_consumed,first3,1.4824564281207462,0.7735765292505618,0.8980620402112162,1.1823911594484853
waypoints,480302,candidate,native_consumed,full,1.2831541755790397,0.7762589348049441,0.7408421886973814,1.0604391949023837
waypoints,480302,candidate,native_consumed,cruise,1.2261453260513453,0.7862619785645223,0.726967257699864,1.0299612273124066
waypoints,480302,candidate,native_consumed,tail,1.723793977612154,0.9213675759421819,0.7370097556588618,1.382096937130226
waypoints,480302,candidate,native_consumed,after3,1.2457473244512038,0.7767183705184663,0.7103695543771621,1.0380698009956253
combined_native_waypoints,480301,pid,original100Hz,first3,3.2726196342490304,1.9093565227450677,1.0319857885607222,2.679149268090656
combined_native_waypoints,480301,pid,original100Hz,full,2.3203487842080888,1.4627428607532897,0.9669666791789959,1.939540558619576
combined_native_waypoints,480301,pid,original100Hz,cruise,2.2724127414551702,1.4717334094115921,1.019004370945415,1.914400545328233
combined_native_waypoints,480301,pid,original100Hz,tail,0.6161076987747107,0.3035712544446437,0.4469258895802802,0.48566665677940274
combined_native_waypoints,480301,pid,original100Hz,after3,2.1142236602916453,1.371548560772442,0.955363007362432,1.7820054910541043
combined_native_waypoints,480301,pid,native_consumed,first3,3.0998160128121195,1.766662066760704,0.8377406468737296,2.522890621035485
combined_native_waypoints,480301,pid,native_consumed,full,2.2395193683394967,1.3553521209271397,0.7481316774187974,1.8510032918486983
combined_native_waypoints,480301,pid,native_consumed,cruise,2.2095391188200306,1.363515852125366,0.7652290541077569,1.8359246439591632
combined_native_waypoints,480301,pid,native_consumed,tail,0.6107980984158122,0.30234308894701345,0.5872155502870023,0.48191579163915865
combined_native_waypoints,480301,pid,native_consumed,after3,2.055992200132455,1.2714532703379837,0.7316499818136055,1.7093415904462523
combined_native_waypoints,480301,A,original100Hz,first3,1.893341274286977,1.147027727669006,0.8883352309311652,1.5653136728720154
combined_native_waypoints,480301,A,original100Hz,full,1.4297448226703957,0.914141042093344,0.790603462864269,1.199963354188849
combined_native_waypoints,480301,A,original100Hz,cruise,1.419437770321182,0.9251190644234302,0.8244414528504967,1.1980502633808925
combined_native_waypoints,480301,A,original100Hz,tail,0.7444218006839606,0.3877287454368246,0.3467770675041505,0.5935054327348505
combined_native_waypoints,480301,A,original100Hz,after3,1.334080287675944,0.8679117247221038,0.772588301269392,1.1253979242640415
combined_native_waypoints,480301,A,native_consumed,first3,1.8491895679311878,1.109815100190721,0.8638377592304427,1.5249904286186313
combined_native_waypoints,480301,A,native_consumed,full,1.405405701076891,0.8881633475650579,0.7770944414839713,1.1755848154381285
combined_native_waypoints,480301,A,native_consumed,cruise,1.3984866557005025,0.8996729812558847,0.809859328159722,1.1758351073543916
combined_native_waypoints,480301,A,native_consumed,tail,0.730060422544908,0.3841105314790974,0.3992169636104582,0.5833220041107674
combined_native_waypoints,480301,A,native_consumed,after3,1.3142607358664975,0.8442921273923664,0.7612139816101195,1.104561107005193
combined_native_waypoints,480301,candidate,original100Hz,first3,1.9158627625901659,1.1336444972114865,0.8390219591998371,1.5741156201400053
combined_native_waypoints,480301,candidate,original100Hz,full,1.424457895997632,0.8976100679869226,0.7417706063689261,1.1905427610173203
combined_native_waypoints,480301,candidate,original100Hz,cruise,1.4107571746617087,0.9120296734673803,0.7676071505498385,1.1878623512731816
combined_native_waypoints,480301,candidate,original100Hz,tail,0.6435622494100495,0.1969937735201635,0.4240987743281334,0.4759090856830936
combined_native_waypoints,480301,candidate,original100Hz,after3,1.3218800778923787,0.8505404455399874,0.7237672565846396,1.111482341251565
combined_native_waypoints,480301,candidate,native_consumed,first3,1.892145587175684,1.119782733653039,0.8546718938124375,1.5546910132974794
combined_native_waypoints,480301,candidate,native_consumed,full,1.406856170587179,0.8888418159432603,0.7786947703758709,1.1767081325648543
combined_native_waypoints,480301,candidate,native_consumed,cruise,1.3933464096147252,0.9037446372575089,0.8132381598007835,1.174344197107039
combined_native_waypoints,480301,candidate,native_consumed,tail,0.6336253114038041,0.20104897708151442,0.4162770301309699,0.47005410669256525
combined_native_waypoints,480301,candidate,native_consumed,after3,1.3055566463605048,0.8428686732833006,0.7648968399280139,1.0988416076165026
combined_native_waypoints,480302,pid,original100Hz,first3,2.7974686870157557,1.2377909689508897,0.7777128120342759,2.1630947202619257
combined_native_waypoints,480302,pid,original100Hz,full,2.2298870707992586,1.2254369993129577,0.6550085933157598,1.799179283423812
combined_native_waypoints,480302,pid,original100Hz,cruise,2.0733930917023207,1.236359056859264,0.6409688179117257,1.7069772450441214
combined_native_waypoints,480302,pid,original100Hz,tail,3.0380163745435236,1.4738357124648624,0.6830564343031695,2.387648969104481
combined_native_waypoints,480302,pid,original100Hz,after3,2.117233202376649,1.2233042094236066,0.6315571769256388,1.7290386956398047
combined_native_waypoints,480302,pid,native_consumed,first3,2.893489028382103,1.291727675552117,0.917739268542005,2.2406292804873904
combined_native_waypoints,480302,pid,native_consumed,full,2.2344060159460266,1.2471338681743687,0.7784725811771769,1.8094077938987883
combined_native_waypoints,480302,pid,native_consumed,cruise,2.0439865741635237,1.242881997921871,0.7817506520567896,1.6915431972194799
combined_native_waypoints,480302,pid,native_consumed,tail,3.1042608402722194,1.5723777394774334,0.6359936152149162,2.4605697632918018
combined_native_waypoints,480302,pid,native_consumed,after3,2.100601994010614,1.23931915326194,0.7519822959130982,1.724592807140755
combined_native_waypoints,480302,A,original100Hz,first3,1.7200296267323143,0.8595985198307495,0.8912622651011118,1.359671197777632
combined_native_waypoints,480302,A,original100Hz,full,1.4406936546322409,0.8413717294393087,0.7384690991122661,1.1797255175669668
combined_native_waypoints,480302,A,original100Hz,cruise,1.3539048155056403,0.8485441327975509,0.7257099586612754,1.1298418904330176
combined_native_waypoints,480302,A,original100Hz,tail,1.9963741250284732,0.996134308854384,0.716352770770304,1.5776237207205024
combined_native_waypoints,480302,A,original100Hz,after3,1.38710854288965,0.8382037144565975,0.7089428953362712,1.146005143244629
combined_native_waypoints,480302,A,native_consumed,first3,1.700388240618658,0.8509696080060122,0.915557628311795,1.3445202569288648
combined_native_waypoints,480302,A,native_consumed,full,1.4240733573692153,0.8353065926844615,0.7774660737791637,1.1674163847897103
combined_native_waypoints,480302,A,native_consumed,cruise,1.3383482784727685,0.8429285760749359,0.766748593523753,1.1184151060439818
combined_native_waypoints,480302,A,native_consumed,tail,1.9720040249385062,0.9887761052102867,0.7905503385119819,1.5598843002941745
combined_native_waypoints,480302,A,native_consumed,after3,1.3710635518703889,0.8325888076754173,0.751218319515125,1.1342441064281135
combined_native_waypoints,480302,candidate,original100Hz,first3,1.7361884686266027,0.8788516989238984,0.9640312748692172,1.3759961314068818
combined_native_waypoints,480302,candidate,original100Hz,full,1.4590959604325566,0.8534183850940092,0.7906990193121799,1.1952581231196615
combined_native_waypoints,480302,candidate,original100Hz,cruise,1.376011560802218,0.857067208967254,0.7734307904675165,1.1462922873657213
combined_native_waypoints,480302,candidate,original100Hz,tail,2.005732430928823,1.027367369060446,0.7889877087043993,1.593494006184182
combined_native_waypoints,480302,candidate,original100Hz,after3,1.4060605688262626,0.8489767998703694,0.7569709697326619,1.1614146395508727
combined_native_waypoints,480302,candidate,native_consumed,first3,1.681958232242149,0.8426625468403413,0.9397688735296483,1.3302375094047274
combined_native_waypoints,480302,candidate,native_consumed,full,1.4333350541819398,0.8338511195001052,0.7820990178652704,1.1725521453305014
combined_native_waypoints,480302,candidate,native_consumed,cruise,1.3598958553842189,0.842440411069747,0.7659455645726556,1.1311548487485126
combined_native_waypoints,480302,candidate,native_consumed,tail,1.953679176452722,0.9888179249394098,0.8081008741606536,1.548325420121117
combined_native_waypoints,480302,candidate,native_consumed,after3,1.3861890856539976,0.8323294823081118,0.7517213932382089,1.1433049786267782
noise200_hover_hold,480301,pid,original100Hz,first3,0.11241752627185636,0.049727004874248304,0.030418800996900225,0.08692086983816669
noise200_hover_hold,480301,pid,original100Hz,full,0.07945402965059258,0.06951864440353832,0.1084798663392804,0.07465180757162834
noise200_hover_hold,480301,pid,original100Hz,cruise,0.07271859928287769,0.07233185851309078,0.11930290246771243,0.07252548668441158
noise200_hover_hold,480301,pid,original100Hz,tail,0.06094648502386072,0.07530862008066608,0.12320162898912225,0.06850497169993497
noise200_hover_hold,480301,pid,original100Hz,after3,0.07230116285783297,0.07237325284496736,0.11674217635328205,0.07233721683185103
noise200_hover_hold,480301,pid,native_consumed,first3,0.10955238738254901,0.04806404851703131,0.030192783716002914,0.0845927843881014
noise200_hover_hold,480301,pid,native_consumed,full,0.0781209853016666,0.06897454732251729,0.10836311533471077,0.0736898111099811
noise200_hover_hold,480301,pid,native_consumed,cruise,0.07179942932078359,0.07173285903669005,0.11919819442464884,0.07176615189756186
noise200_hover_hold,480301,pid,native_consumed,tail,0.059946211419387746,0.07544812084332188,0.1230902962407109,0.06813944233087925
noise200_hover_hold,480301,pid,native_consumed,after3,0.07134775463224322,0.07195492630464763,0.1166251485567699,0.07165198361026041
noise200_hover_hold,480301,A,original100Hz,first3,0.0817041420772524,0.06189228958942769,0.04716669892285714,0.07247834967492509
noise200_hover_hold,480301,A,original100Hz,full,0.0667983662787038,0.06924866932680476,0.10764706097193191,0.06803454982961606
noise200_hover_hold,480301,A,original100Hz,cruise,0.06347809940005827,0.07003593741783941,0.11772261060021197,0.06683749558982292
noise200_hover_hold,480301,A,original100Hz,tail,0.044090868882858535,0.06545452785789038,0.11686681134394715,0.055804569418394276
noise200_hover_hold,480301,A,original100Hz,after3,0.06389149155972594,0.07043400073653115,0.11486881616568,0.06724236444935663
noise200_hover_hold,480301,A,native_consumed,first3,0.0805063583133368,0.06072062273444912,0.04693267148513064,0.0713031126744642
noise200_hover_hold,480301,A,native_consumed,full,0.0662096673522115,0.06877989188436649,0.1075152724300955,0.06750701288946076
noise200_hover_hold,480301,A,native_consumed,cruise,0.06308274933477873,0.06966637942797417,0.11759064609952947,0.06645614225275565
noise200_hover_hold,480301,A,native_consumed,tail,0.04423961987506204,0.06413210458478287,0.11664525476985821,0.055091155393418245
noise200_hover_hold,480301,A,native_consumed,after3,0.06343286215277613,0.0700699273846017,0.11474058527729894,0.06683383396370604
noise200_hover_hold,480301,candidate,original100Hz,first3,0.09485406685718666,0.06737730697999574,0.02873911796497196,0.08227088031382739
noise200_hover_hold,480301,candidate,original100Hz,full,0.06932046137842394,0.06504293626719322,0.10530445093209083,0.0672157344822465
noise200_hover_hold,480301,candidate,original100Hz,cruise,0.061131846018716775,0.06493359124157168,0.11704387442429227,0.06306137434747047
noise200_hover_hold,480301,candidate,original100Hz,tail,0.04495577721895844,0.06836155781785987,0.10713187548734421,0.05785466486224434
noise200_hover_hold,480301,candidate,original100Hz,after3,0.06392089736284384,0.06463382458616278,0.1133597254534428,0.06427834938883417
noise200_hover_hold,480301,candidate,native_consumed,first3,0.09390687121185944,0.06702521947491973,0.028966578715396735,0.08158088166495234
noise200_hover_hold,480301,candidate,native_consumed,full,0.06906447489320221,0.06468531019435243,0.1052467895608976,0.06691072801581728
noise200_hover_hold,480301,candidate,native_consumed,cruise,0.06101375723161407,0.06457817729567661,0.1169455317110368,0.06282125259157995
noise200_hover_hold,480301,candidate,native_consumed,tail,0.04414365218643041,0.0674553548031383,0.10731600174200438,0.0570038898671565
noise200_hover_hold,480301,candidate,native_consumed,after3,0.06383621297266405,0.06427516017716127,0.11328702632540938,0.06405606256433133
noise200_hover_hold,480302,pid,original100Hz,first3,0.07319311495155692,0.06616895370396465,0.13412330158603408,0.06976948656321488
noise200_hover_hold,480302,pid,original100Hz,full,0.07323911885080452,0.09435629866525633,0.08326836696672059,0.084460285424125
noise200_hover_hold,480302,pid,original100Hz,cruise,0.07259692786237197,0.08811895806607556,0.06660215984118821,0.0807318546352839
noise200_hover_hold,480302,pid,original100Hz,tail,0.09481608342094358,0.17899255943673975,0.04644470767177875,0.14322783599741035
noise200_hover_hold,480302,pid,original100Hz,after3,0.07324701135191014,0.09838534080294523,0.07096643125884744,0.08673177029468074
noise200_hover_hold,480302,pid,native_consumed,first3,0.07281220447852146,0.06612888969604974,0.13443728367307076,0.06955087049582606
noise200_hover_hold,480302,pid,native_consumed,full,0.0726387246479337,0.09402600595665322,0.08326930215118118,0.08401569530343399
noise200_hover_hold,480302,pid,native_consumed,cruise,0.0719952448266592,0.08775381876850152,0.06647415181333584,0.0802622202100889
noise200_hover_hold,480302,pid,native_consumed,tail,0.09356715216083235,0.17851517336296419,0.046199376316207734,0.14251750609012478
noise200_hover_hold,480302,pid,native_consumed,after3,0.07260890954944435,0.09801879894533515,0.07086568204116603,0.08625467724316585
noise200_hover_hold,480302,A,original100Hz,first3,0.07181851400251785,0.07765982834867219,0.13850089887807707,0.07479621612312712
noise200_hover_hold,480302,A,original100Hz,full,0.06116489227419811,0.09214540973926674,0.08643819892616594,0.07820460530854821
noise200_hover_hold,480302,A,original100Hz,cruise,0.05992163604110555,0.08323892889120807,0.06705237738770999,0.07252351945678834
noise200_hover_hold,480302,A,original100Hz,tail,0.05782419676749826,0.17279030183450259,0.037654550830520446,0.12884123202582484
noise200_hover_hold,480302,A,original100Hz,after3,0.0591438406879078,0.09440829720552704,0.07390315326551641,0.07877474364465982
noise200_hover_hold,480302,A,native_consumed,first3,0.0711301250698919,0.07696049242376095,0.1386797893804269,0.07410267230864967
noise200_hover_hold,480302,A,native_consumed,full,0.06076535656292315,0.09225837001001753,0.08642976043248735,0.07811541267613098
noise200_hover_hold,480302,A,native_consumed,cruise,0.05981329883403575,0.0834039634536241,0.06697636507151958,0.07257358967690355
noise200_hover_hold,480302,A,native_consumed,tail,0.05536838332659057,0.17398067063302108,0.03770656238463451,0.12910253991714501
noise200_hover_hold,480302,A,native_consumed,after3,0.05880311406692332,0.09463556372766858,0.07383398235578245,0.07878355204616386
noise200_hover_hold,480302,candidate,original100Hz,first3,0.07278463143609959,0.07427295132512184,0.1396493286518912,0.07353255697931622
noise200_hover_hold,480302,candidate,original100Hz,full,0.06254769580939408,0.09328542586997546,0.08120887555088298,0.07941783468090521
noise200_hover_hold,480302,candidate,original100Hz,cruise,0.06195563901058546,0.08540180582302277,0.06041105861123082,0.07460552808955669
noise200_hover_hold,480302,candidate,original100Hz,tail,0.0578718677884344,0.17568161715483915,0.04235559105805959,0.13079217042212715
noise200_hover_hold,480302,candidate,original100Hz,after3,0.06061722013207849,0.0961712817050895,0.06617939331101233,0.08038458434718855
noise200_hover_hold,480302,candidate,native_consumed,first3,0.07272463457197005,0.07424352763793163,0.1394661504375041,0.07348800538098342
noise200_hover_hold,480302,candidate,native_consumed,full,0.062444037027696346,0.09336773434459177,0.08117866932116025,0.07942541021914389
noise200_hover_hold,480302,candidate,native_consumed,cruise,0.06189701281837901,0.08541388226019278,0.06040034805818331,0.07458810722426415
noise200_hover_hold,480302,candidate,native_consumed,tail,0.05721944251967129,0.17622515756958643,0.04222652701426691,0.13101406558588954
noise200_hover_hold,480302,candidate,native_consumed,after3,0.06050426045024832,0.09626871370766282,0.06620226545535242,0.08040034443819079
low_x_050_goal100,480301,pid,original100Hz,first3,0.07531540496772257,0.41497512471347475,0.019926715757639508,0.2982253882187229
low_x_050_goal100,480301,pid,original100Hz,full,0.12669691563683563,0.16639932215703232,0.04223857173507409,0.14788651535249464
low_x_050_goal100,480301,pid,original100Hz,cruise,0.13155441548769747,0.05340703927441881,0.04723223517051556,0.10039640451323208
low_x_050_goal100,480301,pid,original100Hz,tail,0.13782224424688522,0.06658436338763347,0.03443748483601052,0.1082322698112363
low_x_050_goal100,480301,pid,original100Hz,after3,0.13354220743849374,0.05372413347714987,0.04496825944796646,0.10178360301496579
low_x_050_goal100,480301,pid,native_consumed,first3,0.07566767769697108,0.4419171957524393,0.019773832185712537,0.31703028668390065
low_x_050_goal100,480301,pid,native_consumed,full,0.12509662942405764,0.17619424048638316,0.04150237899218935,0.1527965593098114
low_x_050_goal100,480301,pid,native_consumed,cruise,0.12785650298248388,0.05324774796040053,0.04635975766304459,0.09793520311349808
low_x_050_goal100,480301,pid,native_consumed,tail,0.14379461438369617,0.06592067726376472,0.03423153227948123,0.11185353552004806
low_x_050_goal100,480301,pid,native_consumed,after3,0.13172811555024672,0.05343846355617926,0.0441696274597727,0.10051856996014281
low_x_050_goal100,480301,A,original100Hz,first3,0.4228278586032888,0.4256850479132328,0.03799963592647067,0.42425885849793055
low_x_050_goal100,480301,A,original100Hz,full,0.19572687151525323,0.16737856439556903,0.035352654649268234,0.182105178471495
low_x_050_goal100,480301,A,original100Hz,cruise,0.12350714603741471,0.04121014361845003,0.03622926362099857,0.092065984650577
low_x_050_goal100,480301,A,original100Hz,tail,0.09329610696430672,0.0433877151331413,0.02694121993152294,0.07275526578595524
low_x_050_goal100,480301,A,original100Hz,after3,0.11916430366925716,0.04152132462303917,0.034878176114107075,0.08923046471758043
low_x_050_goal100,480301,A,native_consumed,first3,0.4398891198668675,0.45263366613192857,0.037995080895952105,0.44630688628637444
low_x_050_goal100,480301,A,native_consumed,full,0.20093304852145896,0.1774175569563347,0.03498970136900202,0.18954033806090095
low_x_050_goal100,480301,A,native_consumed,cruise,0.12207079435701207,0.041310103960975876,0.03573599003434916,0.09112574697696191
low_x_050_goal100,480301,A,native_consumed,tail,0.09541934318978762,0.041516169619414484,0.02691665928595697,0.07358139504874334
low_x_050_goal100,480301,A,native_consumed,after3,0.11871596817544816,0.04143937574273596,0.0344475520297111,0.08891204350868805
low_x_050_goal100,480301,candidate,original100Hz,first3,0.5650576420729762,0.1914204807356392,0.037737887532309826,0.42186013044025317
low_x_050_goal100,480301,candidate,original100Hz,full,0.24309108217292383,0.08302499890970337,0.040100658463509985,0.18164033786023334
low_x_050_goal100,480301,candidate,original100Hz,cruise,0.12497002250402237,0.04207806942988461,0.04172497903221792,0.09324181050259064
low_x_050_goal100,480301,candidate,original100Hz,tail,0.0807910602068835,0.03407124581879942,0.03252558198120093,0.06200018226181812
low_x_050_goal100,480301,candidate,original100Hz,after3,0.12015432479263327,0.042279390923421624,0.04049230925817062,0.09006833145792452
low_x_050_goal100,480301,candidate,native_consumed,first3,0.5729216512395187,0.19560763665162986,0.037739366809789066,0.4280780103996541
low_x_050_goal100,480301,candidate,native_consumed,full,0.24556177874859572,0.08435482083143933,0.039572908827141574,0.18359782539518069
low_x_050_goal100,480301,candidate,native_consumed,cruise,0.12391515884041145,0.04211745263219622,0.04104434828254896,0.09254416893210964
low_x_050_goal100,480301,candidate,native_consumed,tail,0.08241223047789975,0.0328365531611373,0.032460786410235296,0.06272963795466488
low_x_050_goal100,480301,candidate,native_consumed,after3,0.11964821866944415,0.0420738335602597,0.03987911517144978,0.08968250582256151
low_x_050_goal100,480302,pid,original100Hz,first3,1.094351524414862,0.2891083238240191,0.12441836071170516,0.8003714393622083
low_x_050_goal100,480302,pid,original100Hz,full,0.43296577787623874,0.12319700966564846,0.06202802398699018,0.31830556702839363
low_x_050_goal100,480302,pid,original100Hz,cruise,0.10264642235898477,0.04958340995249426,0.04245379875501098,0.08060645931194409
low_x_050_goal100,480302,pid,original100Hz,tail,0.17984677332601393,0.12162444103760559,0.014834051490515407,0.15352095383609468
low_x_050_goal100,480302,pid,original100Hz,after3,0.11871547779104336,0.058628682926098165,0.043023939714994776,0.09362341354812016
low_x_050_goal100,480302,pid,native_consumed,first3,1.0662195798282559,0.27821892347675903,0.12131817918890914,0.779175834388397
low_x_050_goal100,480302,pid,native_consumed,full,0.42228801941881944,0.1192382925798619,0.06079275301024532,0.3102780541401776
low_x_050_goal100,480302,pid,native_consumed,cruise,0.10271233105528187,0.04908590984883084,0.041811372948791135,0.08049611635506823
low_x_050_goal100,480302,pid,native_consumed,tail,0.17501423394874643,0.12067449541380632,0.014707566018113209,0.1503201848190111
low_x_050_goal100,480302,pid,native_consumed,after3,0.11758143677514521,0.05807880998841954,0.04247413993097151,0.09273225556347267
low_x_050_goal100,480302,A,original100Hz,first3,0.3923607298091988,0.4641193534252141,0.15747611966349462,0.4297404545305491
low_x_050_goal100,480302,A,original100Hz,full,0.17346910072691546,0.18412750084667612,0.0691254132911605,0.17887770329899622
low_x_050_goal100,480302,A,original100Hz,cruise,0.09213033681825752,0.04633919883014923,0.03399573824922669,0.07292228846678388
low_x_050_goal100,480302,A,original100Hz,tail,0.0908599798076444,0.0977922245791776,0.019928848392154794,0.09438976406048978
low_x_050_goal100,480302,A,original100Hz,after3,0.09399403710767183,0.052463247592389906,0.0366377727915151,0.07611593578134211
low_x_050_goal100,480302,A,native_consumed,first3,0.36384099172598916,0.41378891877630686,0.1478573945784028,0.3896161807229112
low_x_050_goal100,480302,A,native_consumed,full,0.1635994036402846,0.16539509960735418,0.06580244436201799,0.16449970189271373
low_x_050_goal100,480302,A,native_consumed,cruise,0.09305770047260943,0.04571608595241744,0.03366168746262036,0.0733133553046739
low_x_050_goal100,480302,A,native_consumed,tail,0.08125399407629248,0.09621709535826546,0.01970481604115456,0.0890503817861881
low_x_050_goal100,480302,A,native_consumed,after3,0.09294371675579281,0.05161999765709857,0.036346435597872616,0.07517698664651272
low_x_050_goal100,480302,candidate,original100Hz,first3,0.5005475831803272,0.26482716434797265,0.1142106543013163,0.40042559234160763
low_x_050_goal100,480302,candidate,original100Hz,full,0.21358541988713398,0.11199519433612982,0.05600121458923315,0.17053101644972216
low_x_050_goal100,480302,candidate,original100Hz,cruise,0.09820314175291388,0.045921761352891555,0.035969317628356375,0.07665724106662991
low_x_050_goal100,480302,candidate,original100Hz,tail,0.12478248394030715,0.09563738165528173,0.022844444615522246,0.11116918878041485
low_x_050_goal100,480302,candidate,original100Hz,after3,0.10221460067314858,0.05156520025955907,0.037890488154650334,0.08095305574399171
low_x_050_goal100,480302,candidate,native_consumed,first3,0.46032397934191754,0.24041819538716896,0.10871552328232473,0.3672186505546805
low_x_050_goal100,480302,candidate,native_consumed,full,0.19940136172776768,0.10355474664217545,0.05418668340544579,0.15887808000321066
low_x_050_goal100,480302,candidate,native_consumed,cruise,0.09936270757161088,0.04530423588036571,0.03563702109436832,0.07721859052283093
low_x_050_goal100,480302,candidate,native_consumed,tail,0.11511361300817663,0.09741376220773751,0.022199240292087058,0.1066315735775804
low_x_050_goal100,480302,candidate,native_consumed,after3,0.10108360179730701,0.05141938775909591,0.03757228925415153,0.08019304206050794
low_y_025_goal100,480301,pid,original100Hz,first3,0.9406764200255786,0.06733684011152813,0.07527226046985522,0.6668606965582633
low_y_025_goal100,480301,pid,original100Hz,full,0.36440386996902563,0.06465723640909998,0.0769783556850237,0.2616970946232159
low_y_025_goal100,480301,pid,original100Hz,cruise,0.06097978001188126,0.061121778210802585,0.0789072777958244,0.06105082039558508
low_y_025_goal100,480301,pid,original100Hz,tail,0.046871749102044676,0.08987959950743905,0.08388995955610641,0.07167741370718765
low_y_025_goal100,480301,pid,original100Hz,after3,0.060945315364872577,0.0641861041292201,0.07726737641534771,0.06258668959216032
low_y_025_goal100,480301,pid,native_consumed,first3,1.0041782656951597,0.06979218602887459,0.08173227011843068,0.7117741701288506
low_y_025_goal100,480301,pid,native_consumed,full,0.388252548040795,0.06566526072896336,0.0778042167959862,0.2784348824472004
low_y_025_goal100,480301,pid,native_consumed,cruise,0.059257621892264606,0.05998676611566578,0.07874714735185519,0.05962330861895449
low_y_025_goal100,480301,pid,native_consumed,tail,0.04775748474065483,0.09687804196076225,0.08376472000262591,0.07637451264297891
low_y_025_goal100,480301,pid,native_consumed,after3,0.059572309113222616,0.06493061176840985,0.07710995049018762,0.062309085845088874
low_y_025_goal100,480301,A,original100Hz,first3,0.15559722340865317,0.4378703454109026,0.017747442936421203,0.32858859940870244
low_y_025_goal100,480301,A,original100Hz,full,0.06812804283934319,0.17530525872133795,0.07000018699861389,0.1329912853469629
low_y_025_goal100,480301,A,original100Hz,cruise,0.03515639029240286,0.056660247291913934,0.07779954662283697,0.047150585370558225
low_y_025_goal100,480301,A,original100Hz,tail,0.04430492891293658,0.04339097489468829,0.07470428241085836,0.043850333113283374
low_y_025_goal100,480301,A,original100Hz,after3,0.03581752247106934,0.055683132585512884,0.07541176856529955,0.04681616264978028
low_y_025_goal100,480301,A,native_consumed,first3,0.16421830917572525,0.4877117643404338,0.017746911663752994,0.36388900652849687
low_y_025_goal100,480301,A,native_consumed,full,0.07091809111476302,0.19376265642261423,0.06992058912267286,0.1458995247958503
low_y_025_goal100,480301,A,native_consumed,cruise,0.03461343942286904,0.05615652896391557,0.07770640688637791,0.046645717563114586
low_y_025_goal100,480301,A,native_consumed,tail,0.04433267788186264,0.04864859668678101,0.07465736690028807,0.04654069341860987
low_y_025_goal100,480301,A,native_consumed,after3,0.03555594268479068,0.05625220535838482,0.07532522303599948,0.047056007416088855
low_y_025_goal100,480301,candidate,original100Hz,first3,0.6896421085384252,0.19605765389450736,0.11127455303436194,0.5069737870540959
low_y_025_goal100,480301,candidate,original100Hz,full,0.26678142259375626,0.0918428958837863,0.0785814326842175,0.1995087027744258
low_y_025_goal100,480301,candidate,original100Hz,cruise,0.038879945641018154,0.05908165695806079,0.07293162283639859,0.05001146049636273
low_y_025_goal100,480301,candidate,original100Hz,tail,0.04370140408888054,0.046836204326390386,0.06999516138214734,0.04529593113648849
low_y_025_goal100,480301,candidate,original100Hz,after3,0.04196990884752449,0.05732170444192077,0.07148265249589202,0.05023569970049404
low_y_025_goal100,480301,candidate,native_consumed,first3,0.6797570224678423,0.1931765320079646,0.10997505796996307,0.4996932969897489
low_y_025_goal100,480301,candidate,native_consumed,full,0.26300838855393255,0.09087622386470715,0.07816453142303666,0.19676369140881245
low_y_025_goal100,480301,candidate,native_consumed,cruise,0.03862472554280473,0.05882462593074002,0.0727534327400673,0.049760456384304215
low_y_025_goal100,480301,candidate,native_consumed,tail,0.04321168296123299,0.047123188134217155,0.069962365273021,0.045209757819938266
low_y_025_goal100,480301,candidate,native_consumed,after3,0.04174583810738943,0.05719527652130416,0.07129201255724696,0.05007002424423627
low_y_025_goal100,480302,pid,original100Hz,first3,0.24798101337912784,0.06558535293460156,0.1460641650833876,0.1813780878663344
low_y_025_goal100,480302,pid,original100Hz,full,0.10882736371003732,0.05944408767813136,0.0731242070816899,0.08768407680976666
low_y_025_goal100,480302,pid,original100Hz,cruise,0.05865267888999415,0.05163245032138887,0.049714732605334766,0.05525417028226673
low_y_025_goal100,480302,pid,original100Hz,tail,0.061277266072146556,0.09900668803351315,0.04532573115532287,0.08233233754923408
low_y_025_goal100,480302,pid,original100Hz,after3,0.05763700348090843,0.058325118243047085,0.05102238711959407,0.05798208166461288
low_y_025_goal100,480302,pid,native_consumed,first3,0.2488270705601497,0.06474640809890583,0.14733775581578787,0.1818062270732988
low_y_025_goal100,480302,pid,native_consumed,full,0.10900121802004892,0.059392229865503465,0.07344623967903838,0.08777443391515276
low_y_025_goal100,480302,pid,native_consumed,cruise,0.05838848035138608,0.051446412820943546,0.0495577854221754,0.05502702985754884
low_y_025_goal100,480302,pid,native_consumed,tail,0.0610553411302122,0.10055607512872707,0.04521911362642759,0.08318437030422478
low_y_025_goal100,480302,pid,native_consumed,after3,0.05739560462483549,0.058424008921972,0.050935778457018285,0.05791208962196538
low_y_025_goal100,480302,A,original100Hz,first3,0.5850080152677494,0.5123595948671097,0.10662785650746767,0.5498848663038018
low_y_025_goal100,480302,A,original100Hz,full,0.22762612657977735,0.202276750806187,0.058329049004558826,0.2153247981752463
low_y_025_goal100,480302,A,original100Hz,cruise,0.045992984416630016,0.04864351092167524,0.04342789489804731,0.04733680265045111
low_y_025_goal100,480302,A,original100Hz,tail,0.029766263753310096,0.09047763012705264,0.04238705282141292,0.06735069417325765
low_y_025_goal100,480302,A,original100Hz,after3,0.04438783329274767,0.05370710424832296,0.04510993006989795,0.049268310257025195
low_y_025_goal100,480302,A,native_consumed,first3,0.5483356641325786,0.4691920992244009,0.10382714112746562,0.5103005127051687
low_y_025_goal100,480302,A,native_consumed,full,0.21381672872092858,0.18618148422031033,0.05747116529960151,0.20047585708433427
low_y_025_goal100,480302,A,native_consumed,cruise,0.045874833941166704,0.048407209500552745,0.04320107478784803,0.047158023287453554
low_y_025_goal100,480302,A,native_consumed,tail,0.03031265346197842,0.08747697517085279,0.042021504632747717,0.06546402884389253
low_y_025_goal100,480302,A,native_consumed,after3,0.044284492697587004,0.053207059069992915,0.044940769459109894,0.048949501674482615
low_y_025_goal100,480302,candidate,original100Hz,first3,0.7476286478142524,0.28405896937285063,0.07064972454939251,0.5655254605734977
low_y_025_goal100,480302,candidate,original100Hz,full,0.28893209723397184,0.11923127924502043,0.04623187077016928,0.22101793452390397
low_y_025_goal100,480302,candidate,original100Hz,cruise,0.042757111531940846,0.04509281744446278,0.03967587750706308,0.04394048686368004
low_y_025_goal100,480302,candidate,original100Hz,tail,0.039097763782124595,0.10765878172484873,0.03996372736426079,0.0809908896581629
low_y_025_goal100,480302,candidate,original100Hz,after3,0.043357775606231407,0.05298697639130272,0.04059026158233427,0.04841237637532776
low_y_025_goal100,480302,candidate,native_consumed,first3,0.6989523300608662,0.26204900501063133,0.07045156914946869,0.5278276426659445
low_y_025_goal100,480302,candidate,native_consumed,full,0.27048629582400524,0.11113656188797928,0.046083159198795694,0.20677786585714625
low_y_025_goal100,480302,candidate,native_consumed,cruise,0.04269101474242111,0.044691770487220284,0.0395501220496534,0.043702843666173434
low_y_025_goal100,480302,candidate,native_consumed,tail,0.03779160626987067,0.10314850362038516,0.039850026847302905,0.07767824439179073
low_y_025_goal100,480302,candidate,native_consumed,after3,0.04329916080713628,0.051823888578448246,0.04045100157557051,0.04775213478994245
lateral_plus_goal100,480301,pid,original100Hz,first3,0.8171801113513596,0.06961506609687763,0.01311137201361637,0.5799265435449101
lateral_plus_goal100,480301,pid,original100Hz,full,0.31556884175461836,0.06448721335861832,0.06932352808052807,0.2277523815167597
lateral_plus_goal100,480301,pid,original100Hz,cruise,0.046342318087228766,0.06083115211069871,0.07671824547428938,0.05407420601734645
lateral_plus_goal100,480301,pid,original100Hz,tail,0.03157797709661307,0.08402415623135388,0.0793492649774645,0.06347136152590861
lateral_plus_goal100,480301,pid,original100Hz,after3,0.04545979667485736,0.06356557083279418,0.07484005348412318,0.0552592748279343
lateral_plus_goal100,480301,pid,native_consumed,first3,0.8705177917924197,0.07343445733220376,0.013139369640890426,0.6177353176526439
lateral_plus_goal100,480301,pid,native_consumed,full,0.3357388525793286,0.06551886316298147,0.06918943339062286,0.24188147775455404
lateral_plus_goal100,480301,pid,native_consumed,cruise,0.04576171713562524,0.05928803351375127,0.07658337979023552,0.05295850107928221
lateral_plus_goal100,480301,pid,native_consumed,tail,0.031753394062742316,0.09189548513570116,0.07905078858893658,0.06874975717349724
lateral_plus_goal100,480301,pid,native_consumed,after3,0.0448195863266544,0.06406209280446372,0.07469368034652404,0.05528447816964608
lateral_plus_goal100,480301,A,original100Hz,first3,0.7994068153734252,0.06616774452515604,0.019521305952857518,0.5671990069107261
lateral_plus_goal100,480301,A,original100Hz,full,0.30781680594270744,0.05930032021239532,0.06994527653348902,0.22166158214501566
lateral_plus_goal100,480301,A,original100Hz,cruise,0.033609829985772194,0.056463942346135644,0.07742400633137615,0.046463950848696894
lateral_plus_goal100,480301,A,original100Hz,tail,0.02984323811189171,0.06144703309447847,0.07650668700199986,0.04830298508952112
lateral_plus_goal100,480301,A,original100Hz,after3,0.036549174039049406,0.05804006237326558,0.07527672596437923,0.04849995341868527
lateral_plus_goal100,480301,A,native_consumed,first3,0.6976567556836297,0.05831271807548547,0.019277779619852553,0.49503803987186623
lateral_plus_goal100,480301,A,native_consumed,full,0.26915088236942797,0.05649766130284223,0.06979859395361017,0.19446617085361187
lateral_plus_goal100,480301,A,native_consumed,cruise,0.03427147986470335,0.05669862153771498,0.07728604668327073,0.04684692101085089
lateral_plus_goal100,480301,A,native_consumed,tail,0.02785473900918787,0.05098852293394769,0.07627513310389797,0.04108354875285047
lateral_plus_goal100,480301,A,native_consumed,after3,0.036620196549548345,0.05618025731706119,0.07512783193769698,0.04741972220257495
lateral_plus_goal100,480301,candidate,original100Hz,first3,0.7040363108854141,0.05611325658106642,0.021885023942269075,0.4994075613210497
lateral_plus_goal100,480301,candidate,original100Hz,full,0.2718697263080359,0.053179956190782744,0.06700578188383657,0.19588422068055905
lateral_plus_goal100,480301,candidate,original100Hz,cruise,0.036847503378751006,0.05335020116983849,0.07310367938912765,0.04584747795740406
lateral_plus_goal100,480301,candidate,original100Hz,tail,0.03894443969062615,0.053444638037044453,0.07737343110861741,0.04676001880735035
lateral_plus_goal100,480301,candidate,original100Hz,after3,0.03911191739617559,0.052660104478310286,0.07195922965516782,0.04638334122328736
lateral_plus_goal100,480301,candidate,native_consumed,first3,0.6943082648042543,0.055390405120132526,0.021732232986482344,0.49250993063839177
lateral_plus_goal100,480301,candidate,native_consumed,full,0.2681506414091839,0.05303041463886765,0.06689242155101228,0.19328345941249983
lateral_plus_goal100,480301,candidate,native_consumed,cruise,0.036642475756854385,0.05319466123011132,0.073020869203894,0.04567462650628886
lateral_plus_goal100,480301,candidate,native_consumed,tail,0.03854872850773858,0.05386011279952187,0.07708438562653315,0.046834368899028395
lateral_plus_goal100,480301,candidate,native_consumed,after3,0.038875584826379345,0.05261474033339983,0.07184351538119377,0.04625809116221781
lateral_plus_goal100,480302,pid,original100Hz,first3,0.8868771724115284,0.07034043451213311,0.07931958012741928,0.6290862006402714
lateral_plus_goal100,480302,pid,original100Hz,full,0.34459672897846094,0.06437431358507358,0.055783178637534,0.24788198590478921
lateral_plus_goal100,480302,pid,original100Hz,cruise,0.06480416267185403,0.05400526066564487,0.05001446401194141,0.05964959211580733
lateral_plus_goal100,480302,pid,original100Hz,tail,0.06566394963705002,0.12630343939583405,0.051124122027673885,0.10065861385185612
lateral_plus_goal100,480302,pid,original100Hz,after3,0.06430550933455222,0.06329386436254457,0.05065594860288818,0.06380169197098291
lateral_plus_goal100,480302,pid,native_consumed,first3,0.8635578801637468,0.06892405159418302,0.07924247715359156,0.6125694806636476
lateral_plus_goal100,480302,pid,native_consumed,full,0.33567247015577123,0.06356142087854974,0.05564815710784542,0.24157406881180074
lateral_plus_goal100,480302,pid,native_consumed,cruise,0.06403178481497104,0.053602548764990494,0.04982603531947524,0.05904787337700631
lateral_plus_goal100,480302,pid,native_consumed,tail,0.06429013392638534,0.12420965280254918,0.050685239569082545,0.0988970656025809
lateral_plus_goal100,480302,pid,native_consumed,after3,0.06346587341169715,0.06259488716824363,0.050502430770868585,0.06303188473905377
lateral_plus_goal100,480302,A,original100Hz,first3,0.6990099113959511,0.06750853015485307,0.06799255727942796,0.49657439416136034
lateral_plus_goal100,480302,A,original100Hz,full,0.27069617890419484,0.05602855851311002,0.050740349732709085,0.19546818237553248
lateral_plus_goal100,480302,A,original100Hz,cruise,0.043539113439184374,0.04539260097383112,0.04623830534801528,0.04447551361277135
lateral_plus_goal100,480302,A,original100Hz,tail,0.05304986529978388,0.11053394488776402,0.04260861832006282,0.08669498595875216
lateral_plus_goal100,480302,A,original100Hz,after3,0.04465513607450318,0.05381264544083505,0.047148978896176474,0.04944634459276752
lateral_plus_goal100,480302,A,native_consumed,first3,0.6893864844425962,0.06646463177997983,0.0679952201123029,0.48973016662738383
lateral_plus_goal100,480302,A,native_consumed,full,0.2670362086271726,0.055768150824592556,0.05058157939506913,0.19289689391533674
lateral_plus_goal100,480302,A,native_consumed,cruise,0.04343304690121174,0.04518181246627365,0.04601834662063742,0.044316056575807714
lateral_plus_goal100,480302,A,native_consumed,tail,0.05270926324069911,0.1108217776915681,0.04209855540566899,0.08677480291564094
lateral_plus_goal100,480302,A,native_consumed,after3,0.04451207713353046,0.05371865681067579,0.04694801629515712,0.04933061473509391
lateral_plus_goal100,480302,candidate,original100Hz,first3,0.6611783373515743,0.06508620092617462,0.06680849405433364,0.4697834646589823
lateral_plus_goal100,480302,candidate,original100Hz,full,0.25645024891259466,0.05512679341322887,0.04659570212170089,0.18548004410091745
lateral_plus_goal100,480302,candidate,original100Hz,cruise,0.04175913210124876,0.04594053314683015,0.04062233226229579,0.04389964521305693
lateral_plus_goal100,480302,candidate,original100Hz,tail,0.06845343248039029,0.10424184460764516,0.043220695215198196,0.08818229580123153
lateral_plus_goal100,480302,candidate,original100Hz,after3,0.045022402558612507,0.053230495292530974,0.042163475190635034,0.04929757783724227
lateral_plus_goal100,480302,candidate,native_consumed,first3,0.6900472789934197,0.06667546170016521,0.06688066134257087,0.49020957989371877
lateral_plus_goal100,480302,candidate,native_consumed,full,0.2673221843743226,0.055864990921380045,0.04646533132752548,0.19310883908990958
lateral_plus_goal100,480302,candidate,native_consumed,cruise,0.04175327832367415,0.04611129002445712,0.04048390035517173,0.043986289446222876
lateral_plus_goal100,480302,candidate,native_consumed,tail,0.06681290909633675,0.10688366920261899,0.04244803861640473,0.08912935421097316
lateral_plus_goal100,480302,candidate,native_consumed,after3,0.04476522506600732,0.053791658485408386,0.0419748512822071,0.0494846839831331
lateral_minus_goal100,480301,pid,original100Hz,first3,0.9143177213363818,0.08007324780218986,0.01999850123905451,0.6489948461133357
lateral_minus_goal100,480301,pid,original100Hz,full,0.35245457776975786,0.06562462508656443,0.07145088172282918,0.2535062334624244
lateral_minus_goal100,480301,pid,original100Hz,cruise,0.04469721991245228,0.05851649415365069,0.07848593790921753,0.05206736768810363
lateral_minus_goal100,480301,pid,original100Hz,tail,0.04386903777597277,0.09272347717763574,0.08176151110217299,0.07253321892519751
lateral_minus_goal100,480301,pid,original100Hz,after3,0.04549595203880748,0.06281161092123996,0.07689455301129898,0.054841499425338024
lateral_minus_goal100,480301,pid,native_consumed,first3,0.8758426660575989,0.07667314309199318,0.019867616056176898,0.6216828558672371
lateral_minus_goal100,480301,pid,native_consumed,full,0.3378045072723066,0.06415751305530527,0.07129714533237565,0.24313378170765115
lateral_minus_goal100,480301,pid,native_consumed,cruise,0.0444902501959614,0.05829141690584354,0.0783265049063647,0.05185205708257921
lateral_minus_goal100,480301,pid,native_consumed,tail,0.04339931289523851,0.08848173380740547,0.08163850602898694,0.06968686238217135
lateral_minus_goal100,480301,pid,native_consumed,after3,0.04519869714786015,0.06175502764675582,0.07673301657488463,0.0541137952074864
lateral_minus_goal100,480301,A,original100Hz,first3,0.7698049166768383,0.07255611005881747,0.014326793409521477,0.5467467415754305
lateral_minus_goal100,480301,A,original100Hz,full,0.2966793229925088,0.05814237170384645,0.06860453811593079,0.21377459633763973
lateral_minus_goal100,480301,A,original100Hz,cruise,0.03700274045506137,0.05534627992438062,0.07653492415585608,0.047076605138075385
lateral_minus_goal100,480301,A,original100Hz,tail,0.027211193877211434,0.054304075239291816,0.06876825026971456,0.042949864143078824
lateral_minus_goal100,480301,A,original100Hz,after3,0.03768358763154235,0.05529212902028243,0.07402108737124159,0.04731422781986244
lateral_minus_goal100,480301,A,native_consumed,first3,0.7032907860733143,0.06674321694730577,0.014355948883708364,0.4995360781685821
lateral_minus_goal100,480301,A,native_consumed,full,0.2713408099886223,0.05649597448915798,0.0684795766839631,0.19598167044236717
lateral_minus_goal100,480301,A,native_consumed,cruise,0.03611253273483909,0.055480008501069523,0.07639710203332051,0.046808900669656685
lateral_minus_goal100,480301,A,native_consumed,tail,0.02650396692304425,0.049336147440822535,0.06875539998519256,0.039601235504466294
lateral_minus_goal100,480301,A,native_consumed,after3,0.03705654259185484,0.05454408148840711,0.0738844209239954,0.046627482101631576
lateral_minus_goal100,480301,candidate,original100Hz,first3,0.686709557080997,0.06578920674183196,0.02715418831335975,0.48780028470168946
lateral_minus_goal100,480301,candidate,original100Hz,full,0.2645874443783112,0.05617494920748527,0.06774008875143289,0.19126178478868888
lateral_minus_goal100,480301,candidate,original100Hz,cruise,0.03268294720783249,0.055376944934045304,0.07468200313308326,0.045468566441104405
lateral_minus_goal100,480301,candidate,original100Hz,tail,0.028604093080514214,0.05386030521611832,0.07208819292896534,0.04312265424885245
lateral_minus_goal100,480301,candidate,original100Hz,after3,0.03298931475355505,0.054354196438011204,0.07245488143610132,0.044959279121951204
lateral_minus_goal100,480301,candidate,native_consumed,first3,0.6962896170895823,0.06641007802106692,0.02705983430728944,0.49458544728364245
lateral_minus_goal100,480301,candidate,native_consumed,full,0.2682191695448571,0.0562945635847368,0.0676265631821941,0.19379189972819913
lateral_minus_goal100,480301,candidate,native_consumed,cruise,0.03253399032288297,0.05487687536110948,0.07456763733764729,0.04511059729003922
lateral_minus_goal100,480301,candidate,native_consumed,tail,0.028218129791056895,0.05676592766274531,0.07188390406384366,0.044825402353559335
lateral_minus_goal100,480301,candidate,native_consumed,after3,0.03288623395151813,0.05436960330274204,0.07233659326705656,0.04493082542537763
lateral_minus_goal100,480302,pid,original100Hz,first3,0.9139682243412448,0.07595352477846347,0.07708760003311876,0.6485009071049017
lateral_minus_goal100,480302,pid,original100Hz,full,0.3539470976010905,0.06655602005297284,0.056044672306412247,0.25466473225156994
lateral_minus_goal100,480302,pid,original100Hz,cruise,0.053996867745878106,0.057467442365642024,0.049621542062216153,0.05575916363439394
lateral_minus_goal100,480302,pid,original100Hz,tail,0.08382665233784031,0.10545049318292678,0.04964387642544516,0.09525417091836881
lateral_minus_goal100,480302,pid,original100Hz,after3,0.05843639371026249,0.064806312442188,0.051577125705697696,0.0617036070348213
lateral_minus_goal100,480302,pid,native_consumed,first3,0.875272915539252,0.07358439485854595,0.07710311234441523,0.6210947350619231
lateral_minus_goal100,480302,pid,native_consumed,full,0.3392501790589382,0.06510849235902309,0.0558395792471958,0.2442639962917034
lateral_minus_goal100,480302,pid,native_consumed,cruise,0.053525316178529715,0.05694525250222792,0.049318085791804675,0.05526174650947104
lateral_minus_goal100,480302,pid,native_consumed,tail,0.08238711999545999,0.10094286840706389,0.04905330700618972,0.09213332790959018
lateral_minus_goal100,480302,pid,native_consumed,after3,0.057973588496771956,0.06354024545757145,0.05131183580166568,0.06082063694175473
lateral_minus_goal100,480302,A,original100Hz,first3,0.7931846184130534,0.06917585648296916,0.06339994891897313,0.5629951767143363
lateral_minus_goal100,480302,A,original100Hz,full,0.30562317048609783,0.0575281259821478,0.044976752512450785,0.2199033965369706
lateral_minus_goal100,480302,A,original100Hz,cruise,0.03917868212627865,0.047595341698211766,0.036733919905670896,0.04359062791771599
lateral_minus_goal100,480302,A,original100Hz,tail,0.03248547889241524,0.10160104413739704,0.048484518601228536,0.07542572011150725
lateral_minus_goal100,480302,A,original100Hz,after3,0.038209033655549084,0.055282901069650024,0.0409906647368139,0.04751909828462444
lateral_minus_goal100,480302,A,native_consumed,first3,0.691826731032831,0.062574353906556,0.06310019484248,0.4911923124084883
lateral_minus_goal100,480302,A,native_consumed,full,0.26704273399143674,0.05424675205345744,0.04484786218566552,0.19268436870432762
lateral_minus_goal100,480302,A,native_consumed,cruise,0.038316866686316224,0.04630118752059067,0.03672649670504773,0.04249695423482623
lateral_minus_goal100,480302,A,native_consumed,tail,0.03226334562380149,0.09250887462485122,0.047992753266621786,0.06927775745214806
lateral_minus_goal100,480302,A,native_consumed,after3,0.037509291519355184,0.05268535641177695,0.04090449741227756,0.045731246049719315
lateral_minus_goal100,480302,candidate,original100Hz,first3,0.6400335025512794,0.06089515321071154,0.07435164932795668,0.45461582906483505
lateral_minus_goal100,480302,candidate,original100Hz,full,0.2487317741173623,0.05608025834259007,0.05497132792048216,0.18029488460760912
lateral_minus_goal100,480302,candidate,original100Hz,cruise,0.04793700461840998,0.049318764397980976,0.048146547149349,0.04863279209303644
lateral_minus_goal100,480302,candidate,original100Hz,tail,0.035824491031833015,0.09511323544220592,0.04193184395481883,0.07186766210881769
lateral_minus_goal100,480302,candidate,original100Hz,after3,0.046697364038223395,0.05521170315143225,0.05090874474873246,0.05113206417210356
lateral_minus_goal100,480302,candidate,native_consumed,first3,0.6882199844061195,0.0655559047256025,0.07430378664550087,0.488847790002344
lateral_minus_goal100,480302,candidate,native_consumed,full,0.26675535574856846,0.057326788684793226,0.05485397965233459,0.19293105053549087
lateral_minus_goal100,480302,candidate,native_consumed,cruise,0.04675597397535647,0.04857997324275525,0.048014433311961854,0.04767669715202086
lateral_minus_goal100,480302,candidate,native_consumed,tail,0.03452832245606733,0.10461731813088453,0.04188986868808733,0.07790054012819443
lateral_minus_goal100,480302,candidate,native_consumed,after3,0.04562319374618993,0.055792571672762706,0.050772253580780136,0.050962176471687055
